1,Bianka,Cruddace,bcruddace0@psu.edu,Female,8/1/1968
2,Latrina,Lyle,llyle1@odnoklassniki.ru,Female,5/28/1993
3,Roland,Tschierse,rtschierse2@ihg.com,Male,12/14/2007
4,Boote,Saich,bsaich3@ask.com,Male,4/15/1977
5,Dominique,Curling,dcurling4@amazon.com,Male,6/7/1951
6,Leticia,Gorries,lgorries5@amazon.co.uk,Female,12/28/1972
7,Horatius,Finlow,hfinlow6@tiny.cc,Male,10/22/2013
8,Jase,Alfonsetti,jalfonsetti7@creativecommons.org,Male,11/14/1994
9,Sadie,Garmanson,sgarmanson8@narod.ru,Female,5/19/1963
10,Claudius,Spaxman,cspaxman9@ning.com,Male,11/26/1995
11,Rosie,Izakovitz,rizakovitza@slashdot.org,Female,5/3/1987
12,Clayson,Bastiman,cbastimanb@i2i.jp,Male,4/29/1969
13,Riva,Feasley,rfeasleyc@google.it,Female,2/18/2013
14,Zita,Gilders,zgildersd@yandex.ru,Genderqueer,3/10/2013
15,Barret,Ludovici,bludovicie@netvibes.com,Male,2/13/2021
16,Danica,Beany,dbeanyf@hibu.com,Female,12/19/2017
17,Darius,Culy,dculyg@youku.com,Male,11/22/2013
18,Wilfred,Gresham,wgreshamh@tripod.com,Male,8/9/2008
19,Irina,Pethrick,ipethricki@mac.com,Genderfluid,8/28/1986
20,Stanislaus,Guinnane,sguinnanej@youtube.com,Male,5/20/1956
21,Tudor,Leebeter,tleebeterk@sbwire.com,Male,10/31/2008
22,Robbert,Graveson,rgravesonl@ucla.edu,Male,8/22/2017
23,Rex,Simmell,rsimmellm@microsoft.com,Male,1/3/1966
24,Fayette,Stains,fstainsn@oaic.gov.au,Female,9/28/1976
25,Delila,Gilvear,dgilvearo@delicious.com,Female,11/22/1956
26,Elysia,Eck,eeckp@barnesandnoble.com,Female,12/12/2004
27,Elianore,Rustman,erustmanq@chron.com,Female,6/22/2021
28,Genia,Sollett,gsollettr@facebook.com,Female,1/29/2013
29,Connie,D'Souza,cdsouzas@is.gd,Male,4/18/1978
30,Wash,Lindenboim,wlindenboimt@blogs.com,Male,11/18/1975
31,Ramon,Frise,rfriseu@studiopress.com,Male,8/10/2013
32,Lauraine,Keating,lkeatingv@ucoz.com,Female,1/7/1967
33,Gilly,Duffield,gduffieldw@msn.com,Female,4/26/2007
34,Sanderson,Belsey,sbelseyx@economist.com,Male,1/7/2016
35,Jere,Broadbere,jbroadberey@phpbb.com,Male,4/26/1990
36,Kristoforo,Ladon,kladonz@goodreads.com,Bigender,9/21/2016
37,Maridel,Scriviner,mscriviner10@netvibes.com,Polygender,8/3/1981
38,Devy,Burgill,dburgill11@paginegialle.it,Male,7/21/1971
39,Juli,Plumridege,jplumridege12@cbslocal.com,Female,3/29/2006
40,Almeria,Rosbottom,arosbottom13@nbcnews.com,Female,12/21/1982
41,Jermaine,Spyvye,jspyvye14@networkadvertising.org,Male,3/8/2005
42,Chrisse,Murrigans,cmurrigans15@oakley.com,Male,9/26/1951
43,Wake,Lippiatt,wlippiatt16@shinystat.com,Male,11/18/1964
44,Doti,Goodlett,dgoodlett17@wufoo.com,Female,5/13/1996
45,Kerk,Children,kchildren18@flickr.com,Male,4/20/2002
46,Claresta,Markova,cmarkova19@live.com,Female,3/2/1985
47,Meryl,Flipsen,mflipsen1a@bloglines.com,Male,10/26/1981
48,Reggi,Piggin,rpiggin1b@usda.gov,Genderfluid,7/17/2020
49,Ola,La Croce,olacroce1c@ezinearticles.com,Female,7/8/1983
50,Clay,Keitch,ckeitch1d@typepad.com,Male,10/9/2003
51,Erhart,Conor,econor1e@i2i.jp,Male,3/14/1976
52,Mikaela,Kaplin,mkaplin1f@yellowpages.com,Female,5/12/1992
53,Orlando,Shenfish,oshenfish1g@devhub.com,Male,12/27/1983
54,Lindon,Lesaunier,llesaunier1h@prweb.com,Male,6/26/2012
55,Elane,Kenyam,ekenyam1i@shop-pro.jp,Female,2/15/1980
56,Thor,Vedstra,tvedstra1j@forbes.com,Male,7/25/2015
57,Mervin,Mollene,mmollene1k@taobao.com,Non-binary,3/6/2001
58,Susy,Knevett,sknevett1l@nps.gov,Female,1/10/2011
59,Ivonne,Coughlin,icoughlin1m@plala.or.jp,Female,11/15/2018
60,Margot,Metrick,mmetrick1n@si.edu,Female,9/3/2016
61,Markos,Ackeroyd,mackeroyd1o@macromedia.com,Male,3/11/1989
62,Eran,Ranstead,eranstead1p@dailymotion.com,Female,6/28/2003
63,Armand,Bennion,abennion1q@cyberchimps.com,Male,6/17/2020
64,Nickolaus,Toun,ntoun1r@comcast.net,Male,11/26/1956
65,Jermaine,Paullin,jpaullin1s@cisco.com,Female,2/18/2011
66,Kevin,Troke,ktroke1t@bravesites.com,Male,5/23/1956
67,Marie,Bowe,mbowe1u@amazon.co.uk,Female,10/1/1970
68,Giselle,Giovannacci,ggiovannacci1v@oakley.com,Female,11/6/2010
69,Tonie,McKenzie,tmckenzie1w@people.com.cn,Female,6/30/1958
70,Griffith,Devon,gdevon1x@woothemes.com,Male,1/23/1974
71,Aigneis,Heminsley,aheminsley1y@army.mil,Female,10/31/1962
72,Josias,Hattigan,jhattigan1z@go.com,Genderfluid,12/26/1971
73,Tracey,Akerman,takerman20@google.com.au,Female,1/23/1963
74,Dylan,Fontel,dfontel21@hostgator.com,Male,8/19/2009
75,Blane,Lejeune,blejeune22@aboutads.info,Male,11/5/2017
76,Raye,Castrillo,rcastrillo23@redcross.org,Female,2/27/1972
77,Jarred,Fippe,jfippe24@fc2.com,Male,6/15/2012
78,Xena,Spadollini,xspadollini25@goodreads.com,Polygender,5/20/2012
79,Rici,Anstey,ranstey26@domainmarket.com,Female,4/22/1966
80,Charlena,Barok,cbarok27@icio.us,Female,2/5/2022
81,Cob,Bassingden,cbassingden28@toplist.cz,Male,6/1/1995
82,Edna,Noddle,enoddle29@scientificamerican.com,Female,1/19/1980
83,Sonnie,Ferie,sferie2a@imgur.com,Male,5/4/2005
84,Ben,Dresser,bdresser2b@eepurl.com,Male,12/19/1964
85,Roanne,Mc Combe,rmccombe2c@paypal.com,Female,5/5/2004
86,Edna,O'Cahsedy,eocahsedy2d@mashable.com,Genderfluid,6/6/1954
87,Krystyna,Godby,kgodby2e@gnu.org,Female,3/26/2009
88,Matthieu,Hamel,mhamel2f@deviantart.com,Male,3/2/1957
89,Arvie,Kairns,akairns2g@liveinternet.ru,Male,3/20/1971
90,Humfrey,Triplet,htriplet2h@nytimes.com,Male,5/24/2010
91,Denys,Ivakhnov,divakhnov2i@naver.com,Female,2/27/2004
92,Carlynn,Riccione,criccione2j@yellowpages.com,Genderqueer,3/9/1952
93,Patricio,Filson,pfilson2k@webs.com,Male,7/1/1995
94,Rriocard,McKee,rmckee2l@npr.org,Male,9/28/1999
95,Shara,McKeggie,smckeggie2m@360.cn,Female,8/14/2002
96,Gussie,Whalebelly,gwhalebelly2n@hatena.ne.jp,Female,7/21/1998
97,Nananne,Brave,nbrave2o@alibaba.com,Female,5/4/1959
98,Osbert,Gioan,ogioan2p@furl.net,Male,4/29/1987
99,Boigie,Gullane,bgullane2q@umich.edu,Male,8/8/1977
100,Egbert,Carvell,ecarvell2r@ycombinator.com,Male,2/23/1972
101,Cecilla,Walkling,cwalkling2s@cbc.ca,Female,4/7/2009
102,Beatrisa,Bracknell,bbracknell2t@ted.com,Female,12/17/1971
103,Ripley,Fernie,rfernie2u@cnbc.com,Male,5/7/1962
104,Costanza,McElrath,cmcelrath2v@trellian.com,Bigender,5/14/2000
105,Ninnette,Stoneley,nstoneley2w@vimeo.com,Female,11/21/2018
106,Leena,Davydochkin,ldavydochkin2x@prlog.org,Genderqueer,11/12/1969
107,Jake,Muscroft,jmuscroft2y@yellowbook.com,Male,8/15/1959
108,Janek,Collick,jcollick2z@cbc.ca,Male,7/1/1996
109,Jeri,Donaghy,jdonaghy30@indiegogo.com,Female,9/24/2010
110,Othilie,Behnen,obehnen31@oakley.com,Female,4/25/1995
111,Pattin,Bernardot,pbernardot32@mac.com,Male,11/29/2007
112,Edsel,Passfield,epassfield33@apple.com,Male,8/2/1976
113,Chuck,Messingham,cmessingham34@illinois.edu,Male,5/11/1951
114,Gretal,Madders,gmadders35@mozilla.org,Female,5/7/2019
115,Cameron,Domke,cdomke36@aol.com,Genderqueer,12/6/2007
116,Tootsie,Goodredge,tgoodredge37@dedecms.com,Female,12/18/1974
117,Skylar,Lewtey,slewtey38@miibeian.gov.cn,Male,1/10/1981
118,Udell,Brakespear,ubrakespear39@amazon.co.uk,Male,8/1/1978
119,Egor,Harniman,eharniman3a@123-reg.co.uk,Male,6/25/1962
120,Ursala,Pirson,upirson3b@yolasite.com,Female,9/9/2013
121,Annaliese,Hazelden,ahazelden3c@webs.com,Female,2/13/1999
122,Marne,Northridge,mnorthridge3d@discovery.com,Female,4/28/2015
123,Aubrey,Giottoi,agiottoi3e@sourceforge.net,Male,3/30/2001
124,Edouard,Reubens,ereubens3f@europa.eu,Male,8/9/1989
125,Cammy,Rigmond,crigmond3g@artisteer.com,Female,10/27/1995
126,Abby,Clyma,aclyma3h@constantcontact.com,Male,8/19/1982
127,Lauraine,Snead,lsnead3i@upenn.edu,Female,12/15/1957
128,Mignonne,Taunton.,mtaunton3j@bloomberg.com,Female,8/16/1984
129,Aubine,McRinn,amcrinn3k@marketwatch.com,Female,2/5/2017
130,Monte,Eivers,meivers3l@trellian.com,Male,4/22/2011
131,Collin,MacAfee,cmacafee3m@mashable.com,Male,10/13/2008
132,Flo,Elsbury,felsbury3n@t-online.de,Polygender,12/11/2000
133,Joshia,Maccree,jmaccree3o@forbes.com,Male,2/8/1955
134,Prentiss,Feake,pfeake3p@blinklist.com,Male,2/22/2018
135,Sully,Bachelor,sbachelor3q@ebay.co.uk,Male,9/13/2001
136,Lezley,Ruggiero,lruggiero3r@prlog.org,Male,7/2/1953
137,Rosco,Trodden,rtrodden3s@fda.gov,Male,11/18/2000
138,Cindra,Thain,cthain3t@technorati.com,Female,10/29/1997
139,Aymer,Mc Faul,amcfaul3u@msn.com,Male,4/14/1991
140,Jacqueline,Chatteris,jchatteris3v@sfgate.com,Polygender,7/20/2021
141,Evaleen,Bentson,ebentson3w@simplemachines.org,Female,3/3/1962
142,Allx,Stilldale,astilldale3x@businesswire.com,Female,5/29/2015
143,Stanwood,Persian,spersian3y@weibo.com,Male,9/6/1959
144,Trent,Pinyon,tpinyon3z@infoseek.co.jp,Male,5/8/1996
145,Chic,Maulin,cmaulin40@merriam-webster.com,Male,4/5/2012
146,Caryl,Wride,cwride41@chicagotribune.com,Female,9/1/1971
147,Garreth,Streetfield,gstreetfield42@last.fm,Male,2/13/1977
148,Jori,Jobbing,jjobbing43@digg.com,Female,9/9/2010
149,Elliott,Macauley,emacauley44@tripadvisor.com,Male,1/27/1956
150,Cheri,Waber,cwaber45@wufoo.com,Female,7/21/2015
151,Kerri,Peter,kpeter46@paypal.com,Genderqueer,11/15/1990
152,Greg,Di Domenico,gdidomenico47@mapy.cz,Male,5/27/1970
153,Harlin,Thursfield,hthursfield48@ask.com,Male,1/27/2003
154,Adore,Upjohn,aupjohn49@google.it,Female,11/13/2006
155,Munmro,Holttom,mholttom4a@yolasite.com,Male,8/15/2010
156,Stanly,Thackray,sthackray4b@quantcast.com,Male,6/29/1990
157,Verena,Favey,vfavey4c@columbia.edu,Female,1/25/1981
158,Bastien,Rowena,browena4d@japanpost.jp,Male,8/22/1995
159,Gianna,Fendlow,gfendlow4e@sphinn.com,Female,11/30/1958
160,Joellen,Caser,jcaser4f@whitehouse.gov,Female,8/10/2021
161,Peadar,Garron,pgarron4g@globo.com,Male,2/26/1987
162,Tristan,Hammell,thammell4h@nyu.edu,Male,8/7/1988
163,Kyle,Wardesworth,kwardesworth4i@virginia.edu,Male,10/11/1992
164,Gustav,Trelevan,gtrelevan4j@live.com,Male,10/28/1993
165,Juana,Laise,jlaise4k@sciencedaily.com,Female,8/7/2018
166,Niel,Greenrod,ngreenrod4l@epa.gov,Male,3/29/1986
167,Bail,Marland,bmarland4m@mit.edu,Male,2/13/1964
168,Loise,Napier,lnapier4n@csmonitor.com,Female,11/23/1989
169,Jecho,Cox,jcox4o@nymag.com,Male,11/7/1972
170,Marney,Hearse,mhearse4p@ibm.com,Female,6/13/1966
171,Kirbee,Marchent,kmarchent4q@php.net,Female,1/20/1988
172,Aldus,Booker,abooker4r@senate.gov,Male,4/24/1977
173,Filip,Heffer,fheffer4s@google.nl,Male,6/15/2022
174,Jasper,Hakonsson,jhakonsson4t@nhs.uk,Male,4/10/1958
175,Ambros,Ivankin,aivankin4u@stumbleupon.com,Male,10/16/1968
176,Tiler,Evers,tevers4v@sciencedirect.com,Male,6/15/1970
177,Hayyim,Littleton,hlittleton4w@google.com.br,Male,7/17/1950
178,Emmalyn,Pane,epane4x@google.es,Female,8/23/2018
179,Wynny,Daniellot,wdaniellot4y@hugedomains.com,Female,4/20/1989
180,Jaynell,Rule,jrule4z@wikispaces.com,Female,5/12/2008
181,Clarinda,McCritichie,cmccritichie50@jimdo.com,Genderfluid,10/15/1967
182,Mala,Baurerich,mbaurerich51@zimbio.com,Female,8/16/1971
183,Ted,Rhule,trhule52@bigcartel.com,Female,7/25/1990
184,Sonia,Nesbit,snesbit53@bizjournals.com,Female,9/27/1967
185,Hobard,Midner,hmidner54@dot.gov,Male,11/19/1955
186,Temple,Strongman,tstrongman55@cnbc.com,Male,9/29/2000
187,Brocky,Graeber,bgraeber56@google.es,Male,10/12/2018
188,Etty,Silby,esilby57@usnews.com,Female,6/30/2011
189,Clementine,Rolls,crolls58@skyrock.com,Female,9/8/2012
190,Stearn,Johnsson,sjohnsson59@redcross.org,Male,8/30/1968
191,Sybille,Sturmey,ssturmey5a@cyberchimps.com,Non-binary,3/25/1969
192,Deloris,Oulet,doulet5b@msn.com,Female,3/26/2005
193,Shoshana,Beernaert,sbeernaert5c@bigcartel.com,Genderfluid,5/28/2004
194,Trixie,Cossam,tcossam5d@pbs.org,Female,10/31/2009
195,Meris,Reglar,mreglar5e@theatlantic.com,Female,6/7/1970
196,Mirilla,Edgeler,medgeler5f@cornell.edu,Female,6/4/2001
197,Sibella,Jaffa,sjaffa5g@ihg.com,Female,12/22/1987
198,Claudie,Plewes,cplewes5h@acquirethisname.com,Female,9/25/1993
199,Yancey,Borland,yborland5i@theatlantic.com,Male,10/26/1966
200,Geordie,Hearsum,ghearsum5j@businessweek.com,Male,8/28/1970
201,Christina,Kellock,ckellock5k@163.com,Female,3/20/1994
202,Jasmine,Osmint,josmint5l@tinyurl.com,Female,12/20/1955
203,Frederique,Bockh,fbockh5m@myspace.com,Female,2/8/1989
204,Bondon,Splevin,bsplevin5n@adobe.com,Male,11/26/1971
205,Twyla,Grutchfield,tgrutchfield5o@xinhuanet.com,Female,9/21/1994
206,Gabriello,Murcott,gmurcott5p@symantec.com,Male,10/21/1970
207,Hyacinthe,Blum,hblum5q@shop-pro.jp,Female,5/6/2014
208,Malva,Croxley,mcroxley5r@paypal.com,Female,7/20/1956
209,Gib,Reed,greed5s@seesaa.net,Male,11/17/1991
210,Cicely,Murcott,cmurcott5t@go.com,Female,12/24/1961
211,Veriee,Blaxter,vblaxter5u@cdc.gov,Female,7/4/1965
212,Crysta,Littlecote,clittlecote5v@bing.com,Female,1/22/1955
213,Base,Aland,baland5w@liveinternet.ru,Male,2/10/1990
214,Trever,Danilenko,tdanilenko5x@mtv.com,Male,8/1/1993
215,Eunice,Sowthcote,esowthcote5y@prweb.com,Female,7/16/1995
216,Ambrose,Flude,aflude5z@domainmarket.com,Male,10/7/1967
217,Lauren,Peron,lperon60@prnewswire.com,Female,2/8/1996
218,Johny,Borgnet,jborgnet61@paginegialle.it,Male,7/12/2010
219,Briant,Slemmonds,bslemmonds62@pbs.org,Male,5/20/1972
220,Cody,Thraves,cthraves63@sakura.ne.jp,Male,3/10/1955
221,Eldon,Ketteman,eketteman64@shareasale.com,Male,3/14/1989
222,Phedra,Mulrooney,pmulrooney65@nih.gov,Female,12/12/2015
223,Almeta,Prout,aprout66@shop-pro.jp,Genderqueer,12/18/1956
224,Sol,Moulton,smoulton67@un.org,Male,12/22/1963
225,Zedekiah,Gabotti,zgabotti68@reuters.com,Polygender,9/2/2004
226,Feodora,Goforth,fgoforth69@blogs.com,Genderqueer,2/8/2016
227,Carlita,Sandell,csandell6a@marketwatch.com,Female,1/10/2000
228,Ari,Profit,aprofit6b@blogtalkradio.com,Male,7/8/1983
229,Ardella,Warboy,awarboy6c@google.ru,Female,1/25/1971
230,Ferdinand,Balsellie,fbalsellie6d@noaa.gov,Male,2/6/1990
231,Faustina,Burkwood,fburkwood6e@marriott.com,Genderqueer,2/10/1982
232,Rem,Valentine,rvalentine6f@gnu.org,Male,8/24/2001
233,Robb,Johantges,rjohantges6g@mozilla.org,Male,8/28/1981
234,Elias,Yankishin,eyankishin6h@thetimes.co.uk,Male,12/28/1957
235,Shayna,De Ambrosis,sdeambrosis6i@photobucket.com,Female,12/12/2001
236,Shalom,Yegorkin,syegorkin6j@va.gov,Male,10/12/1989
237,Jemima,Greenleaf,jgreenleaf6k@webs.com,Female,8/24/1961
238,Corney,Petti,cpetti6l@nba.com,Male,4/18/1969
239,Pegeen,Bevens,pbevens6m@chronoengine.com,Agender,8/27/1995
240,Elena,Braham,ebraham6n@bloglines.com,Polygender,11/1/2010
241,Eleanora,Corkitt,ecorkitt6o@smugmug.com,Female,9/22/1963
242,Megen,Abthorpe,mabthorpe6p@vkontakte.ru,Female,9/15/1989
243,Kennith,Cluderay,kcluderay6q@cocolog-nifty.com,Male,2/27/2018
244,Ingrid,Highton,ihighton6r@economist.com,Female,5/2/1962
245,Jedediah,Measey,jmeasey6s@flickr.com,Male,10/23/1984
246,Costanza,Rawstron,crawstron6t@dedecms.com,Female,9/21/1973
247,Odella,Nottingam,onottingam6u@vinaora.com,Genderqueer,12/29/1989
248,Tabbi,Kwiek,tkwiek6v@amazon.co.jp,Female,12/3/2005
249,Cliff,Geroldini,cgeroldini6w@europa.eu,Male,12/11/1973
250,Sharona,Burburough,sburburough6x@spotify.com,Female,2/11/2006
251,Sandy,Jessep,sjessep6y@java.com,Male,6/9/2021
252,Wald,Skim,wskim6z@usa.gov,Male,10/4/1960
253,Rita,Le Grys,rlegrys70@techcrunch.com,Female,11/17/1981
254,Tommy,Finnemore,tfinnemore71@unblog.fr,Male,12/28/1998
255,Morganne,Bircher,mbircher72@shinystat.com,Female,10/30/1960
256,Stefano,Chaloner,schaloner73@fema.gov,Male,7/27/1961
257,Mitchel,Knoles,mknoles74@microsoft.com,Male,9/15/1971
258,Allsun,Fey,afey75@adobe.com,Female,10/10/1985
259,Virgie,Inger,vinger76@liveinternet.ru,Polygender,5/29/2011
260,Morris,Tieman,mtieman77@elegantthemes.com,Male,4/15/2020
261,Isa,Daniels,idaniels78@mashable.com,Male,3/23/2022
262,Mela,Igoe,migoe79@sitemeter.com,Female,3/10/1979
263,Cale,Ambrogini,cambrogini7a@themeforest.net,Male,8/28/1957
264,Barbee,Sargeaunt,bsargeaunt7b@blinklist.com,Female,3/3/2014
265,Renie,Rorke,rrorke7c@t-online.de,Female,3/26/1983
266,Monti,Roget,mroget7d@about.com,Male,7/4/1982
267,Raddy,Skates,rskates7e@ted.com,Male,7/8/1973
268,Skyler,Willan,swillan7f@ocn.ne.jp,Male,1/2/1997
269,Ekaterina,Casebourne,ecasebourne7g@craigslist.org,Female,11/22/1985
270,Kipper,Woolvett,kwoolvett7h@imdb.com,Male,12/30/2007
271,Gilbert,Ollenbuttel,gollenbuttel7i@paypal.com,Male,5/31/1996
272,Moina,Speakman,mspeakman7j@nsw.gov.au,Female,11/25/1965
273,Evin,Sushams,esushams7k@gizmodo.com,Male,2/25/1956
274,Cheri,Lightowler,clightowler7l@liveinternet.ru,Female,11/9/1962
275,Moyna,Pearce,mpearce7m@umich.edu,Female,12/9/2011
276,Norrie,Antoniazzi,nantoniazzi7n@aboutads.info,Male,8/14/1969
277,Clarke,Jodrelle,cjodrelle7o@bizjournals.com,Male,10/24/1989
278,Raimondo,McGarrie,rmcgarrie7p@fema.gov,Male,11/1/2007
279,Olva,Ca,oca7q@mashable.com,Female,10/31/1980
280,Lynelle,Simonich,lsimonich7r@vinaora.com,Female,4/8/1991
281,Elga,Ulyat,eulyat7s@usnews.com,Female,1/12/1984
282,Adolpho,Tirrey,atirrey7t@netvibes.com,Male,1/23/1971
283,Darda,De La Hay,ddelahay7u@about.com,Female,1/18/1992
284,Rania,Bywater,rbywater7v@unicef.org,Female,9/25/1993
285,Wenona,Sauter,wsauter7w@nhs.uk,Female,6/1/2001
286,Sander,Kitley,skitley7x@businessweek.com,Male,9/18/1953
287,Ev,Tinwell,etinwell7y@blogspot.com,Male,11/24/1969
288,Sonia,Elphinston,selphinston7z@ft.com,Female,8/25/1968
289,Jamal,MacCambridge,jmaccambridge80@senate.gov,Agender,12/19/1985
290,Ernst,Balls,eballs81@goo.gl,Male,8/28/1975
291,Barbabas,Whittet,bwhittet82@amazonaws.com,Male,5/5/1998
292,Burty,Tegler,btegler83@mysql.com,Male,1/11/1991
293,Finn,Jost,fjost84@4shared.com,Polygender,6/3/2009
294,Yelena,Ready,yready85@guardian.co.uk,Genderqueer,11/20/1989
295,Holli,Thorrington,hthorrington86@utexas.edu,Female,5/11/1999
296,Oswald,Lapides,olapides87@hostgator.com,Non-binary,10/11/1957
297,Brook,Kener,bkener88@amazon.de,Genderfluid,11/11/1956
298,Cecil,MacGillespie,cmacgillespie89@go.com,Female,6/13/2001
299,Cyril,Swindall,cswindall8a@tiny.cc,Male,11/28/1963
300,Erik,McGlone,emcglone8b@4shared.com,Male,7/13/2008
301,Deeanne,Everil,deveril8c@intel.com,Female,12/18/2004
302,Corliss,Disbury,cdisbury8d@elegantthemes.com,Female,3/2/2006
303,Kaitlynn,Meckiff,kmeckiff8e@nytimes.com,Female,5/22/1997
304,Basilius,Baillie,bbaillie8f@vinaora.com,Male,11/1/2011
305,Ki,Hayen,khayen8g@delicious.com,Female,4/10/1963
306,Jeniffer,Kristoffersson,jkristoffersson8h@goo.ne.jp,Female,3/9/1966
307,Chester,Moscrop,cmoscrop8i@uiuc.edu,Male,1/9/1961
308,Cloe,Colthurst,ccolthurst8j@people.com.cn,Bigender,5/9/1980
309,Saunderson,Muncie,smuncie8k@sitemeter.com,Male,11/1/1967
310,Jewel,Figiovanni,jfigiovanni8l@bing.com,Female,2/13/1978
311,Niven,Leyborne,nleyborne8m@webeden.co.uk,Male,9/25/2014
312,Davis,Howsam,dhowsam8n@sina.com.cn,Male,10/19/2003
313,Ilse,Stimson,istimson8o@cnet.com,Female,10/16/1964
314,Clement,Garford,cgarford8p@e-recht24.de,Male,6/18/1967
315,Lila,Hacksby,lhacksby8q@ed.gov,Genderqueer,11/2/1969
316,Tyrone,Tarbert,ttarbert8r@bigcartel.com,Male,1/8/1953
317,Barb,Farny,bfarny8s@java.com,Female,4/14/1981
318,Merwyn,Burnyeat,mburnyeat8t@blog.com,Male,12/16/1959
319,Gertrud,Francillo,gfrancillo8u@issuu.com,Non-binary,12/9/2000
320,Gare,Woltman,gwoltman8v@yellowbook.com,Male,10/20/2010
321,Barthel,Dafydd,bdafydd8w@china.com.cn,Male,10/24/2011
322,Reggi,Warcop,rwarcop8x@npr.org,Female,1/27/1970
323,Jayson,Thebe,jthebe8y@miitbeian.gov.cn,Male,12/25/1980
324,Tarra,Grills,tgrills8z@guardian.co.uk,Female,4/4/2017
325,Guglielma,Antusch,gantusch90@arstechnica.com,Female,5/6/2017
326,Angy,Swayte,aswayte91@ycombinator.com,Female,6/7/1995
327,Pinchas,Yankin,pyankin92@cornell.edu,Genderqueer,11/15/2018
328,Holly,Jimes,hjimes93@prlog.org,Female,6/29/1998
329,Paul,Woollin,pwoollin94@whitehouse.gov,Male,10/17/1963
330,Jules,McGaugan,jmcgaugan95@uol.com.br,Male,7/17/2016
331,Siana,Dorking,sdorking96@dot.gov,Genderfluid,1/13/1989
332,Grethel,Jozsef,gjozsef97@pcworld.com,Female,8/15/2001
333,Dani,Raselles,draselles98@geocities.jp,Male,3/13/1995
334,Samuel,Iapico,siapico99@cnbc.com,Male,6/11/2002
335,Pinchas,Melmore,pmelmore9a@ihg.com,Agender,12/9/2015
336,Margarete,Spratley,mspratley9b@arizona.edu,Female,1/16/1999
337,Dorry,Riggs,driggs9c@seesaa.net,Female,7/30/1999
338,Abagail,Stanbridge,astanbridge9d@slashdot.org,Female,10/3/2009
339,Darla,Hebbard,dhebbard9e@bizjournals.com,Female,4/9/2008
340,Brand,Orkney,borkney9f@people.com.cn,Polygender,12/12/2011
341,Aliza,Maskew,amaskew9g@ucsd.edu,Genderqueer,3/26/2013
342,Lamont,Menear,lmenear9h@mozilla.com,Male,8/13/1995
343,Karoly,Carrington,kcarrington9i@twitpic.com,Male,9/25/2016
344,Torey,Evans,tevans9j@cbslocal.com,Female,2/26/1981
345,Clementina,Simone,csimone9k@devhub.com,Female,9/14/1958
346,Amerigo,Hanley,ahanley9l@cafepress.com,Male,8/26/1996
347,Melisent,Marquiss,mmarquiss9m@noaa.gov,Female,7/12/2000
348,Alicia,Temple,atemple9n@microsoft.com,Female,9/18/2004
349,Basile,Clist,bclist9o@vkontakte.ru,Male,1/10/1993
350,Matthus,Hannibal,mhannibal9p@wired.com,Male,1/25/2019
351,Lil,Zealy,lzealy9q@eventbrite.com,Female,2/12/1961
352,Emlyn,Causon,ecauson9r@canalblog.com,Female,10/2/2003
353,Karla,Tompkins,ktompkins9s@google.co.uk,Female,9/9/1975
354,Donielle,Mateus,dmateus9t@163.com,Female,6/10/1956
355,Ravid,Willeman,rwilleman9u@fema.gov,Male,2/23/2009
356,Lewes,Fancourt,lfancourt9v@time.com,Polygender,1/28/2003
357,Rahel,Allwright,rallwright9w@pbs.org,Female,7/5/1964
358,Poul,Yurmanovev,pyurmanovev9x@oaic.gov.au,Male,1/26/2022
359,Theo,Di Biaggi,tdibiaggi9y@xrea.com,Male,1/9/2004
360,Gertrud,Paske,gpaske9z@cocolog-nifty.com,Female,8/26/2019
361,Paten,Prichard,ppricharda0@usnews.com,Male,6/20/2022
362,Hercules,Bodycombe,hbodycombea1@va.gov,Male,10/28/2002
363,Valera,Chittleburgh,vchittleburgha2@wordpress.org,Female,3/18/1965
364,Tadd,Van Baaren,tvanbaarena3@usnews.com,Male,1/12/1967
365,Ly,Yarnall,lyarnalla4@technorati.com,Male,1/28/1966
366,Walsh,Spadazzi,wspadazzia5@discuz.net,Male,6/11/1969
367,Fulton,Shilladay,fshilladaya6@marriott.com,Male,8/2/1961
368,Vina,Burvill,vburvilla7@storify.com,Female,7/3/1978
369,Karrah,Itzkovwitch,kitzkovwitcha8@paypal.com,Female,9/18/2017
370,Dulce,Humm,dhumma9@prweb.com,Female,10/7/1992
371,Josepha,Wilmot,jwilmotaa@vinaora.com,Female,8/31/1980
372,Lillian,Derr,lderrab@is.gd,Female,12/11/1962
373,Mary,Blaksland,mblakslandac@booking.com,Female,4/21/1964
374,Shurwood,Pavlenkov,spavlenkovad@ovh.net,Male,1/6/1958
375,Giffie,Varvell,gvarvellae@netlog.com,Male,10/29/1968
376,Fifi,Toop,ftoopaf@merriam-webster.com,Non-binary,10/24/1995
377,Gaby,Gomez,ggomezag@nydailynews.com,Female,12/22/1993
378,Nina,Patten,npattenah@etsy.com,Female,9/24/2009
379,Alex,Malarkey,amalarkeyai@answers.com,Male,4/15/1974
380,Adan,Crossan,acrossanaj@networkadvertising.org,Female,3/10/2020
381,Ermin,Whittlesea,ewhittleseaak@dot.gov,Male,2/19/1973
382,Revkah,Wensley,rwensleyal@tripod.com,Non-binary,8/24/1975
383,Brooke,Wybron,bwybronam@wordpress.org,Male,4/30/2008
384,Doll,Abramsky,dabramskyan@live.com,Female,3/14/1977
385,Charley,Thame,cthameao@livejournal.com,Agender,12/13/1981
386,Blanch,Grisdale,bgrisdaleap@twitpic.com,Female,12/12/1994
387,Wade,Pendall,wpendallaq@marriott.com,Male,12/20/1985
388,Elfrida,Baughen,ebaughenar@mtv.com,Female,12/31/2011
389,Merridie,Ivamy,mivamyas@dion.ne.jp,Female,6/5/1956
390,Ernest,Tomaszczyk,etomaszczykat@dropbox.com,Male,7/6/2011
391,Linc,Elsworth,lelsworthau@disqus.com,Male,1/15/2013
392,Cammy,Coxhead,ccoxheadav@cnbc.com,Male,12/19/2005
393,Cornell,Sunshine,csunshineaw@lycos.com,Male,1/20/1989
394,Donn,Santry,dsantryax@vinaora.com,Male,1/5/1975
395,Roselin,Krauss,rkraussay@princeton.edu,Female,11/20/2003
396,Darcee,Killingworth,dkillingworthaz@uol.com.br,Female,7/29/1979
397,Nickey,Tee,nteeb0@yandex.ru,Male,7/16/1977
398,Lukas,Grealey,lgrealeyb1@bigcartel.com,Male,1/9/1991
399,Caritta,Lauderdale,clauderdaleb2@youtu.be,Female,2/13/2015
400,Reeva,Murrison,rmurrisonb3@tuttocitta.it,Female,10/3/1961
401,Karlene,Arson,karsonb4@t-online.de,Female,1/11/2008
402,Amity,Heimes,aheimesb5@cocolog-nifty.com,Female,10/16/2002
403,Renell,Gahagan,rgahaganb6@skyrock.com,Female,10/8/2005
404,Calypso,MacGown,cmacgownb7@paypal.com,Female,1/10/1989
405,Drucill,Teers,dteersb8@dell.com,Female,2/8/1962
406,Kettie,Dey,kdeyb9@cbsnews.com,Female,10/23/2013
407,Brockie,Thornham,bthornhamba@gmpg.org,Male,10/31/1970
408,Cort,Bohden,cbohdenbb@google.de,Male,12/10/1962
409,Barron,Matyja,bmatyjabc@canalblog.com,Male,7/24/2013
410,Shandeigh,Eltun,seltunbd@domainmarket.com,Female,5/22/1975
411,Jaymie,Tamsett,jtamsettbe@w3.org,Male,9/21/1982
412,Melvyn,Montes,mmontesbf@ycombinator.com,Male,4/25/2017
413,Zed,Oby,zobybg@canalblog.com,Male,5/23/1989
414,Abeu,Neno,anenobh@networkadvertising.org,Male,7/25/2007
415,Beverlie,Jovic,bjovicbi@ow.ly,Female,5/23/2003
416,Isadora,Gulland,igullandbj@newyorker.com,Genderfluid,2/8/1957
417,Reginald,Urridge,rurridgebk@craigslist.org,Male,2/19/2006
418,Albina,Pray,apraybl@thetimes.co.uk,Female,4/20/1976
419,Suzie,Cowgill,scowgillbm@networksolutions.com,Female,11/5/1989
420,Thain,Hairyes,thairyesbn@mac.com,Male,2/26/1987
421,Astrix,Tilbury,atilburybo@bluehost.com,Female,8/7/2002
422,Patrizius,Bescoby,pbescobybp@jigsy.com,Male,11/26/1960
423,Wood,Murrum,wmurrumbq@toplist.cz,Male,4/4/1992
424,Darbee,Bulbrook,dbulbrookbr@weebly.com,Male,8/6/1976
425,Udall,Gillon,ugillonbs@patch.com,Male,3/8/1992
426,Roseanne,Ramsden,rramsdenbt@google.nl,Female,2/2/2000
427,Onfre,Kinahan,okinahanbu@bloglines.com,Male,9/27/1967
428,Andromache,Knoble,aknoblebv@dedecms.com,Female,7/1/1986
429,Valaria,Winton,vwintonbw@linkedin.com,Female,4/18/1973
430,Etheline,Tingey,etingeybx@msu.edu,Female,5/3/1978
431,Cindelyn,D'Aubney,cdaubneyby@google.pl,Female,3/6/1980
432,Conn,Harbert,charbertbz@google.ca,Male,9/16/1982
433,Renae,Pottell,rpottellc0@free.fr,Female,10/11/2007
434,Lucilia,O'Kieran,lokieranc1@e-recht24.de,Female,4/20/1993
435,Gale,Chatelot,gchatelotc2@paypal.com,Female,5/2/2022
436,Celestina,McArdell,cmcardellc3@noaa.gov,Female,10/20/2007
437,Barclay,Torrans,btorransc4@sina.com.cn,Male,5/23/1986
438,Laughton,Soanes,lsoanesc5@ifeng.com,Male,7/6/1969
439,Farlie,Wagnerin,fwagnerinc6@soundcloud.com,Male,11/21/2000
440,Gaultiero,Mulqueeny,gmulqueenyc7@zdnet.com,Male,5/22/1973
441,Alley,Acutt,aacuttc8@google.cn,Male,3/17/1998
442,Freemon,Filippazzo,ffilippazzoc9@eepurl.com,Male,5/18/1978
443,Consolata,Jobb,cjobbca@walmart.com,Female,8/26/2003
444,Eugenie,Knapp,eknappcb@phoca.cz,Female,4/23/1977
445,Halley,Gladding,hgladdingcc@tripod.com,Female,6/20/1993
446,Dalenna,Wycherley,dwycherleycd@bizjournals.com,Female,10/22/1950
447,Cheslie,O' Cuolahan,cocuolahance@irs.gov,Female,1/7/1995
448,Cherie,Cansdall,ccansdallcf@is.gd,Female,6/23/2022
449,Jason,Verrillo,jverrillocg@opera.com,Male,11/12/1996
450,Hasheem,Langlands,hlanglandsch@dropbox.com,Male,12/31/2014
451,Reagan,Caff,rcaffci@weather.com,Male,5/1/2016
452,Jarrid,Kezor,jkezorcj@comcast.net,Male,1/22/1977
453,Ava,Yuranovev,ayuranovevck@adobe.com,Female,8/28/1963
454,Nikolaus,MacBey,nmacbeycl@naver.com,Male,9/27/1966
455,Fredra,Rearden,freardencm@sbwire.com,Female,12/18/2015
456,Malanie,MacMeeking,mmacmeekingcn@jiathis.com,Female,12/5/1995
457,Dom,Echallie,dechallieco@prnewswire.com,Male,2/14/2003
458,Barbara-anne,Thunnercliffe,bthunnercliffecp@drupal.org,Female,1/5/1975
459,Johnathan,Dederick,jdederickcq@google.es,Male,2/25/1963
460,Mercie,Kilshall,mkilshallcr@wikipedia.org,Female,9/4/2018
461,Allin,Waller,awallercs@yolasite.com,Male,7/18/1981
462,Ryan,Fergyson,rfergysonct@ebay.com,Male,1/31/1971
463,Karlens,Rymill,krymillcu@wp.com,Male,9/21/1992
464,Juditha,Brigstock,jbrigstockcv@princeton.edu,Female,6/11/1990
465,Della,Pannett,dpannettcw@opera.com,Female,6/24/1979
466,Danie,Yaakov,dyaakovcx@wordpress.org,Male,12/17/2004
467,Robbie,Sussex,rsussexcy@auda.org.au,Male,5/16/2007
468,Judah,Swatton,jswattoncz@imageshack.us,Male,9/13/2014
469,Domenico,Harriot,dharriotd0@tripod.com,Male,3/5/1997
470,Parry,Titchmarsh,ptitchmarshd1@hibu.com,Male,12/6/1957
471,Lurline,Hursey,lhurseyd2@timesonline.co.uk,Genderfluid,11/22/1964
472,Aura,Duddle,aduddled3@harvard.edu,Female,11/6/2002
473,Catha,Wainscot,cwainscotd4@joomla.org,Genderfluid,3/8/1961
474,Rowland,Lestor,rlestord5@state.tx.us,Male,1/17/1961
475,Harli,Blondel,hblondeld6@sohu.com,Female,11/24/2019
476,Bobbee,Adiscot,badiscotd7@comcast.net,Female,9/13/2000
477,Welsh,Duffit,wduffitd8@bing.com,Male,7/10/1971
478,Wood,Stuehmeyer,wstuehmeyerd9@ft.com,Male,12/26/1993
479,Thekla,Lashmar,tlashmarda@cmu.edu,Female,5/1/2018
480,Maura,Hilhouse,mhilhousedb@wsj.com,Female,4/24/2011
481,Atlanta,Worsell,aworselldc@icq.com,Female,1/19/1962
482,Freeland,Howey,fhoweydd@123-reg.co.uk,Male,12/23/2014
483,Wolfie,Wrotham,wwrothamde@kickstarter.com,Male,12/10/1964
484,Cally,Fidgin,cfidgindf@hhs.gov,Female,4/13/2015
485,Viva,Gloster,vglosterdg@elpais.com,Female,8/2/2002
486,Ulrika,Sussex,usussexdh@epa.gov,Female,10/11/1965
487,Robinette,Wignall,rwignalldi@senate.gov,Female,3/6/1995
488,Neils,Dashkovich,ndashkovichdj@mit.edu,Male,1/6/1958
489,Milzie,Sigsworth,msigsworthdk@epa.gov,Female,8/20/2014
490,Goldia,Licence,glicencedl@noaa.gov,Female,12/19/2013
491,Lissa,McAlpin,lmcalpindm@meetup.com,Female,4/5/2002
492,Merry,Wiggall,mwiggalldn@e-recht24.de,Female,5/28/1953
493,Quill,Oaker,qoakerdo@wordpress.com,Male,9/17/1986
494,Wendel,Chiverton,wchivertondp@weather.com,Bigender,6/7/2012
495,Thorn,Sink,tsinkdq@etsy.com,Male,1/31/1991
496,Adrian,Matley,amatleydr@mayoclinic.com,Female,5/3/1970
497,Karalee,Trebble,ktrebbleds@linkedin.com,Female,6/22/1983
498,Gerianna,Dongate,gdongatedt@dailymail.co.uk,Female,10/14/1983
499,Minny,Jury,mjurydu@addthis.com,Female,3/14/1962
500,Marinna,Tarbard,mtarbarddv@ucoz.com,Female,3/7/1985
501,Kristien,Litel,kliteldw@who.int,Female,5/6/1979
502,Doralin,Cogan,dcogandx@earthlink.net,Female,8/21/1995
503,Stanford,Ivashnikov,sivashnikovdy@forbes.com,Male,2/15/1981
504,Lita,Bettanay,lbettanaydz@newyorker.com,Female,10/7/1965
505,Cyndie,Mathiot,cmathiote0@tiny.cc,Female,10/19/1966
506,Geneva,Peplay,gpeplaye1@alexa.com,Female,7/7/2013
507,Gerry,Pollicott,gpollicotte2@paypal.com,Male,6/19/2015
508,Thatch,Spears,tspearse3@liveinternet.ru,Male,11/9/2014
509,Prinz,Danielsky,pdanielskye4@phoca.cz,Male,2/14/1959
510,Lev,Boldero,lbolderoe5@slideshare.net,Male,11/16/1953
511,Adela,Lothean,alotheane6@dell.com,Female,1/2/2019
512,Dalis,Crucetti,dcrucettie7@yellowbook.com,Male,12/24/1984
513,Garv,Howchin,ghowchine8@instagram.com,Male,10/14/1999
514,Genevra,Jecock,gjecocke9@vinaora.com,Female,9/23/2001
515,Paulita,Cowburn,pcowburnea@ebay.com,Female,4/1/2015
516,Madel,Gillford,mgillfordeb@walmart.com,Female,1/18/2015
517,Georgena,Duddridge,gduddridgeec@illinois.edu,Female,11/14/2015
518,Ike,Philipeau,iphilipeaued@utexas.edu,Male,10/7/1954
519,Iggie,End,iendee@kickstarter.com,Male,12/8/2006
520,Tera,Bomfield,tbomfieldef@nbcnews.com,Female,8/16/1988
521,Charlean,Dive,cdiveeg@bizjournals.com,Genderqueer,12/8/2001
522,Tobye,Renison,trenisoneh@ca.gov,Female,6/15/1993
523,Suzy,Allner,sallnerei@yelp.com,Female,3/22/1993
524,Alfonso,Darte,adarteej@redcross.org,Male,4/19/2020
525,Pattin,Pottell,ppottellek@dot.gov,Male,3/6/2011
526,Chalmers,McLese,cmcleseel@delicious.com,Male,10/19/1959
527,Essie,Denney,edenneyem@sphinn.com,Female,10/3/2013
528,Andriana,Morrow,amorrowen@apple.com,Female,1/3/1993
529,Ingram,Mainwaring,imainwaringeo@networkadvertising.org,Non-binary,6/3/1967
530,Scarface,Tomaskunas,stomaskunasep@odnoklassniki.ru,Male,4/6/1955
531,Virge,Yakov,vyakoveq@unblog.fr,Male,4/20/1966
532,Jerald,Sangster,jsangsterer@godaddy.com,Male,7/1/1981
533,Melisa,Grollmann,mgrollmannes@paypal.com,Genderfluid,5/1/1967
534,Clementina,Marrian,cmarrianet@nature.com,Female,8/10/1980
535,Birgit,Raistrick,braistrickeu@sogou.com,Bigender,1/24/1989
536,Conant,Lockwood,clockwoodev@blogger.com,Male,5/16/2000
537,Norris,Edmenson,nedmensonew@hhs.gov,Male,8/11/2001
538,Chantal,Banisch,cbanischex@scribd.com,Female,5/12/1993
539,Jeffry,Ellesworthe,jelleswortheey@nsw.gov.au,Male,5/6/1954
540,Winnie,Spooner,wspoonerez@ibm.com,Female,9/2/1969
541,Kaye,Dundendale,kdundendalef0@who.int,Female,3/2/2011
542,Vlad,Miskin,vmiskinf1@hibu.com,Male,2/23/2013
543,Hugues,Kayley,hkayleyf2@noaa.gov,Male,11/27/1971
544,Mahmoud,Mcwhinney,mmcwhinneyf3@independent.co.uk,Male,9/30/1974
545,Rudyard,Saill,rsaillf4@nba.com,Male,10/23/1990
546,Brose,Fern,bfernf5@mac.com,Male,10/27/2008
547,Nestor,Vanyakin,nvanyakinf6@instagram.com,Male,1/3/1991
548,Aaren,Scopes,ascopesf7@dropbox.com,Female,7/28/1951
549,Rollo,MacMenamie,rmacmenamief8@xing.com,Male,9/24/1967
550,Constantin,Bartens,cbartensf9@timesonline.co.uk,Male,9/27/1988
551,Mose,Wrack,mwrackfa@ehow.com,Male,11/9/2000
552,Jed,Dineges,jdinegesfb@cbslocal.com,Non-binary,9/17/1979
553,Jock,Lorey,jloreyfc@etsy.com,Male,3/3/2002
554,Clyve,Golsthorp,cgolsthorpfd@tumblr.com,Male,12/18/1968
555,Gussie,Alyokhin,galyokhinfe@cpanel.net,Female,4/11/2000
556,Andy,Pittem,apittemff@mapquest.com,Female,4/28/1967
557,Kris,Revans,krevansfg@ebay.com,Male,2/3/2000
558,Cecilio,Brimble,cbrimblefh@wsj.com,Male,1/15/1968
559,Casey,Lesley,clesleyfi@cloudflare.com,Male,6/21/1975
560,Noel,Annakin,nannakinfj@theguardian.com,Male,4/16/1973
561,Pooh,Pilpovic,ppilpovicfk@wufoo.com,Female,8/9/2009
562,Frederick,Dasent,fdasentfl@rambler.ru,Male,12/26/1994
563,Aubrey,Standbrook,astandbrookfm@blogtalkradio.com,Male,3/28/2021
564,Eleanor,Peidro,epeidrofn@guardian.co.uk,Female,3/14/1996
565,Glyn,Bovaird,gbovairdfo@topsy.com,Male,3/26/1962
566,Riki,Meake,rmeakefp@example.com,Female,8/27/1956
567,Dorey,Dugue,dduguefq@about.com,Male,6/16/1960
568,Roobbie,Goodlatt,rgoodlattfr@smh.com.au,Female,5/17/1963
569,Winny,Jurczyk,wjurczykfs@vkontakte.ru,Male,6/12/1955
570,Wendell,Hazley,whazleyft@technorati.com,Male,6/12/1968
571,Margy,Brearley,mbrearleyfu@cmu.edu,Female,3/13/1996
572,Edouard,Able,eablefv@ow.ly,Male,4/28/1997
573,Anita,Presman,apresmanfw@theatlantic.com,Female,5/20/2007
574,Ingaborg,Peare,ipearefx@cnn.com,Female,12/21/1999
575,Teirtza,Grenville,tgrenvillefy@sitemeter.com,Female,1/10/1983
576,Ailey,Sheepy,asheepyfz@mashable.com,Female,7/23/1972
577,Janeczka,Gannaway,jgannawayg0@theatlantic.com,Female,8/6/1973
578,Torrey,MacEnelly,tmacenellyg1@wikispaces.com,Male,12/1/2006
579,Celestia,Plumer,cplumerg2@google.cn,Female,10/21/2004
580,Sheena,Folbig,sfolbigg3@ameblo.jp,Female,9/6/1954
581,Brade,Serginson,bserginsong4@usgs.gov,Male,10/23/1989
582,Minta,Chatainier,mchatainierg5@diigo.com,Female,4/27/1972
583,Salvidor,Ridding,sriddingg6@rediff.com,Male,9/12/1985
584,Delaney,Featherstonhaugh,dfeatherstonhaughg7@google.com.hk,Male,12/27/1985
585,Marty,Blaxill,mblaxillg8@tripadvisor.com,Male,6/6/1997
586,Petr,MacMoyer,pmacmoyerg9@smugmug.com,Male,1/15/1952
587,Osmond,Nurse,onursega@vk.com,Male,8/18/1997
588,Gasper,Sooper,gsoopergb@privacy.gov.au,Male,4/1/1974
589,Eddie,Gerrels,egerrelsgc@comsenz.com,Male,12/8/2005
590,Keenan,Byrcher,kbyrchergd@networksolutions.com,Male,10/16/1964
591,Leonora,Ahren,lahrenge@deviantart.com,Female,12/26/2021
592,Dalton,Marczyk,dmarczykgf@artisteer.com,Polygender,6/22/1990
593,Austin,Sargeaunt,asargeauntgg@dailymotion.com,Female,7/22/1979
594,Davine,Littlefair,dlittlefairgh@seesaa.net,Female,1/24/1980
595,Hewitt,Brimicombe,hbrimicombegi@tiny.cc,Male,11/5/1972
596,Ardelis,Dryburgh,adryburghgj@e-recht24.de,Female,5/27/1988
597,Daryn,Braunter,dbrauntergk@technorati.com,Female,4/15/1972
598,Dyann,Luparto,dlupartogl@myspace.com,Female,6/2/1981
599,Carlie,Bjorkan,cbjorkangm@unicef.org,Female,4/21/2020
600,Lettie,Marron,lmarrongn@businessinsider.com,Female,5/3/1967
601,Faustine,Spark,fsparkgo@redcross.org,Female,1/16/1955
602,Ethyl,Matchell,ematchellgp@time.com,Female,8/6/1985
603,Gertrudis,Von Helmholtz,gvonhelmholtzgq@ibm.com,Female,8/9/1958
604,Tove,Kolak,tkolakgr@unesco.org,Female,6/9/2006
605,Katya,Moorman,kmoormangs@edublogs.org,Female,7/23/1976
606,Keri,Powrie,kpowriegt@spotify.com,Female,2/5/1977
607,Marleen,Romeo,mromeogu@wordpress.com,Female,6/19/1985
608,Elias,Orwin,eorwingv@psu.edu,Male,10/24/1986
609,Bertha,Coates,bcoatesgw@domainmarket.com,Female,7/12/2009
610,Ryon,Sloane,rsloanegx@infoseek.co.jp,Male,7/8/1992
611,York,Burras,yburrasgy@guardian.co.uk,Male,7/29/1964
612,Lem,Cotgrave,lcotgravegz@clickbank.net,Male,12/2/1974
613,Teodora,Larkins,tlarkinsh0@mail.ru,Female,10/3/1978
614,Huey,Kingswood,hkingswoodh1@smh.com.au,Male,8/16/2007
615,Domenico,Borg-Bartolo,dborgbartoloh2@ovh.net,Male,6/23/1971
616,Celle,Housam,chousamh3@angelfire.com,Female,12/29/1987
617,Taddeo,Clemett,tclemetth4@fotki.com,Male,5/27/1972
618,Dew,Batrick,dbatrickh5@stumbleupon.com,Male,7/15/2005
619,Taber,Chad,tchadh6@wix.com,Male,10/18/1955
620,Roxy,Coop,rcooph7@webeden.co.uk,Female,4/20/1974
621,Consalve,Alberts,calbertsh8@archive.org,Male,2/23/2008
622,Prinz,Medeway,pmedewayh9@baidu.com,Male,11/15/1982
623,Martie,Felix,mfelixha@ning.com,Male,1/10/1956
624,Jason,Shory,jshoryhb@prnewswire.com,Male,7/1/1968
625,Ave,Beine,abeinehc@home.pl,Male,3/8/1981
626,Artemus,O' Driscoll,aodriscollhd@nature.com,Male,9/14/2007
627,Faber,Lehenmann,flehenmannhe@netlog.com,Male,6/12/1995
628,Monro,Gethin,mgethinhf@ebay.co.uk,Male,5/7/2000
629,Laina,Brammer,lbrammerhg@auda.org.au,Polygender,2/26/1954
630,Jeramie,Dacres,jdacreshh@indiegogo.com,Male,11/14/1980
631,Bertie,Dickinson,bdickinsonhi@163.com,Male,7/22/1957
632,Sofia,Woolforde,swoolfordehj@google.nl,Female,1/21/1961
633,Nadean,Cobello,ncobellohk@topsy.com,Female,7/9/2021
634,Rafael,Maymond,rmaymondhl@exblog.jp,Male,6/10/2005
635,Jaclin,Flagg,jflagghm@army.mil,Female,2/13/1974
636,Zachariah,McGookin,zmcgookinhn@surveymonkey.com,Male,12/13/2002
637,Mozes,Oldaker,moldakerho@dion.ne.jp,Male,7/5/1970
638,Phaedra,Foard,pfoardhp@mac.com,Female,2/22/1987
639,Janette,Kynforth,jkynforthhq@marketwatch.com,Female,9/18/1988
640,Wiatt,Drewry,wdrewryhr@yellowpages.com,Male,8/1/1974
641,Collin,Lettson,clettsonhs@hibu.com,Male,10/12/1977
642,Pietrek,Pochon,ppochonht@va.gov,Agender,6/11/2015
643,Jonah,Cartwright,jcartwrighthu@tinypic.com,Male,8/4/1985
644,Iosep,Gulliver,igulliverhv@europa.eu,Male,12/8/1992
645,Peri,Cawdron,pcawdronhw@pen.io,Female,1/24/2009
646,Rivy,Macura,rmacurahx@example.com,Female,5/26/1994
647,Clareta,Cordova,ccordovahy@people.com.cn,Female,1/22/2007
648,Lesley,Ashbee,lashbeehz@yellowbook.com,Male,4/18/1954
649,Bevvy,Brimner,bbrimneri0@berkeley.edu,Genderqueer,5/23/2021
650,Donaugh,Coston,dcostoni1@google.fr,Male,3/22/2011
651,Melania,Dayly,mdaylyi2@ning.com,Female,5/11/1962
652,Berny,Ranklin,branklini3@icq.com,Female,2/20/2021
653,Rollins,Gobat,rgobati4@skype.com,Male,5/21/1977
654,Abner,Srutton,asruttoni5@va.gov,Male,7/16/1984
655,Elnora,Levesque,elevesquei6@rambler.ru,Female,7/10/1987
656,Darnall,Mustill,dmustilli7@163.com,Male,11/11/1979
657,Ave,Aldham,aaldhami8@skyrock.com,Male,5/27/1953
658,Paddie,Kornilov,pkornilovi9@godaddy.com,Male,7/25/1960
659,Bert,Skynner,bskynneria@spotify.com,Female,12/14/1970
660,Karlyn,Witchalls,kwitchallsib@canalblog.com,Female,4/22/1977
661,Dorothee,Bushen,dbushenic@sbwire.com,Female,9/10/1959
662,Dot,Daughton,ddaughtonid@springer.com,Female,9/19/2006
663,Jesus,Lucock,jlucockie@mail.ru,Male,6/13/2002
664,Sawyer,Folonin,sfoloninif@blogtalkradio.com,Male,3/29/1982
665,Sabrina,Tethcote,stethcoteig@virginia.edu,Female,6/2/1961
666,Lincoln,Waller-Bridge,lwallerbridgeih@about.com,Male,9/18/2001
667,Laraine,Rockhall,lrockhallii@reuters.com,Female,6/4/1986
668,Aurie,Iianon,aiianonij@clickbank.net,Female,5/17/2011
669,Gar,Greenfield,ggreenfieldik@blogtalkradio.com,Male,7/8/1960
670,Isidore,Corbitt,icorbittil@so-net.ne.jp,Male,6/13/1966
671,Tiler,Keyhoe,tkeyhoeim@youtu.be,Male,7/4/1991
672,Elnora,Werrit,ewerritin@godaddy.com,Female,4/26/1994
673,Fleur,Benyon,fbenyonio@so-net.ne.jp,Female,2/14/2015
674,Gawain,Terrell,gterrellip@deliciousdays.com,Male,10/29/1969
675,Mamie,Brocklesby,mbrocklesbyiq@creativecommons.org,Non-binary,6/6/2003
676,Adel,Seadon,aseadonir@webmd.com,Genderqueer,4/28/1970
677,Corri,Pantry,cpantryis@independent.co.uk,Female,4/20/2007
678,Avrit,Brimmacombe,abrimmacombeit@hubpages.com,Female,7/8/2013
679,Greta,Clemanceau,gclemanceauiu@tmall.com,Female,8/25/1999
680,Morty,Fant,mfantiv@ifeng.com,Male,7/16/2009
681,Roger,Shankland,rshanklandiw@constantcontact.com,Male,6/3/2000
682,Shanta,Harbar,sharbarix@digg.com,Female,6/11/2021
683,Vernen,Bousfield,vbousfieldiy@intel.com,Male,10/9/1967
684,Prudence,Kincla,pkinclaiz@shutterfly.com,Female,10/5/1969
685,Lavina,Beartup,lbeartupj0@odnoklassniki.ru,Female,8/5/1981
686,Albertine,Guitte,aguittej1@wired.com,Female,11/24/1975
687,Averell,Moraleda,amoraledaj2@slideshare.net,Male,4/10/2018
688,Michael,Sheldon,msheldonj3@fc2.com,Male,8/29/1972
689,Trudey,Josephsen,tjosephsenj4@alibaba.com,Genderqueer,12/7/1998
690,Vitoria,Parlet,vparletj5@virginia.edu,Bigender,10/20/2015
691,Teddie,Walsh,twalshj6@yandex.ru,Male,5/28/2004
692,Terrence,Cluitt,tcluittj7@hc360.com,Male,5/14/1976
693,Otes,Holston,oholstonj8@cnet.com,Male,11/25/1996
694,Georgi,Isitt,gisittj9@diigo.com,Male,7/4/1975
695,Maurise,Decruse,mdecruseja@loc.gov,Female,7/11/2006
696,Trenton,Iozefovich,tiozefovichjb@msu.edu,Male,5/22/2016
697,Stanley,Rulten,srultenjc@discovery.com,Male,8/21/1972
698,Rhodia,Loomis,rloomisjd@plala.or.jp,Female,1/25/1988
699,Lurlene,Cassin,lcassinje@prnewswire.com,Female,6/30/1994
700,Munroe,Skegg,mskeggjf@apple.com,Male,11/8/1986
701,Goldia,Gillaspy,ggillaspyjg@msn.com,Female,5/12/1965
702,Wynny,Cushelly,wcushellyjh@businessweek.com,Female,9/13/2021
703,Randal,Castro,rcastroji@joomla.org,Male,3/10/2015
704,Cami,Treher,ctreherjj@tinyurl.com,Female,7/23/1954
705,Palmer,Pherps,ppherpsjk@posterous.com,Male,8/25/1967
706,Elmore,Acedo,eacedojl@icq.com,Male,6/24/1974
707,Bondie,Olpin,bolpinjm@indiegogo.com,Male,7/15/1959
708,Gay,Christie,gchristiejn@wiley.com,Female,6/25/1989
709,Killie,Kleinmann,kkleinmannjo@fastcompany.com,Male,3/1/1993
710,Clem,Durrans,cdurransjp@amazonaws.com,Male,11/9/2016
711,Brooke,Sebrens,bsebrensjq@dion.ne.jp,Male,7/7/2014
712,Lazar,Josowitz,ljosowitzjr@google.com.br,Male,7/9/1998
713,Devy,Orrom,dorromjs@issuu.com,Male,7/12/2009
714,Alphonse,Hollibone,ahollibonejt@springer.com,Male,9/12/2021
715,Imogen,Itscowicz,iitscowiczju@sfgate.com,Female,1/27/2001
716,James,Abels,jabelsjv@bigcartel.com,Genderfluid,6/29/1953
717,Sylvan,Gidden,sgiddenjw@npr.org,Male,9/22/2008
718,Craggy,Wallenger,cwallengerjx@engadget.com,Male,9/17/2007
719,Harlen,Muncer,hmuncerjy@fema.gov,Male,10/17/1965
720,Gustave,Curme,gcurmejz@blogger.com,Male,12/4/2016
721,Robinett,Aguirrezabala,raguirrezabalak0@psu.edu,Female,2/3/1985
722,Gaultiero,Spinke,gspinkek1@squidoo.com,Male,8/27/1963
723,Eryn,Lortz,elortzk2@squarespace.com,Female,7/4/1950
724,Steffie,Clemetts,sclemettsk3@ezinearticles.com,Female,12/1/1990
725,Lon,Vallens,lvallensk4@cnn.com,Male,9/14/2014
726,Stephanus,Dimanche,sdimanchek5@springer.com,Male,8/23/2021
727,Gardner,MacKeeg,gmackeegk6@miitbeian.gov.cn,Male,7/20/1968
728,Fabe,Ghelardi,fghelardik7@dion.ne.jp,Male,8/16/2013
729,Hazel,Rosling,hroslingk8@webeden.co.uk,Female,10/30/2011
730,Sibyl,Woodyeare,swoodyearek9@npr.org,Male,10/3/1981
731,Marven,Nickols,mnickolska@fastcompany.com,Male,3/7/1963
732,Abbe,Brodnecke,abrodneckekb@spiegel.de,Male,12/6/1968
733,Trevor,Lenden,tlendenkc@altervista.org,Male,3/26/1965
734,Yul,Meneyer,ymeneyerkd@ftc.gov,Male,4/18/1997
735,Kerrill,McCoughan,kmccoughanke@shutterfly.com,Female,2/17/1985
736,Jecho,Finker,jfinkerkf@bloglovin.com,Male,7/25/1993
737,Drusy,Epps,deppskg@economist.com,Agender,2/25/1951
738,Duffie,Grinnikov,dgrinnikovkh@discovery.com,Male,3/19/1993
739,Felicdad,Dumbarton,fdumbartonki@networkadvertising.org,Female,10/28/1990
740,Jeannie,McMonnies,jmcmonnieskj@xrea.com,Female,4/6/1990
741,Taryn,Djordjevic,tdjordjevickk@is.gd,Polygender,7/23/2011
742,Paxon,Kinsman,pkinsmankl@samsung.com,Male,9/1/1980
743,Norbie,Ellyatt,nellyattkm@whitehouse.gov,Male,6/19/1997
744,Ashbey,Donn,adonnkn@umn.edu,Male,9/27/1970
745,Casey,Truckell,ctruckellko@census.gov,Genderqueer,10/19/2004
746,Dana,Bellison,dbellisonkp@exblog.jp,Female,5/5/1996
747,Rollins,Sudddard,rsudddardkq@studiopress.com,Male,6/17/1982
748,Beauregard,Bramford,bbramfordkr@nymag.com,Genderfluid,1/22/2009
749,Rachel,Ivankov,rivankovks@hugedomains.com,Female,2/8/1985
750,Rodolfo,Cominotti,rcominottikt@com.com,Male,10/22/2015
751,Noel,Reddel,nreddelku@home.pl,Female,7/2/1956
752,Ado,Upham,auphamkv@microsoft.com,Male,8/7/1967
753,Jonathon,Belliss,jbellisskw@unesco.org,Male,3/24/1962
754,Myrta,Klimkowski,mklimkowskikx@mac.com,Female,3/5/1988
755,Marcelia,Beteriss,mbeterissky@homestead.com,Female,1/7/1990
756,Wendall,Linner,wlinnerkz@yandex.ru,Male,6/2/1973
757,Elberta,Stiggers,estiggersl0@seattletimes.com,Female,1/23/2001
758,Darrin,Lummus,dlummusl1@wikia.com,Bigender,3/14/1990
759,Kirby,Sandhill,ksandhilll2@time.com,Male,10/2/1957
760,Kimbra,Collinson,kcollinsonl3@scientificamerican.com,Female,1/18/1951
761,Farleigh,Jerrold,fjerroldl4@mail.ru,Male,5/2/2017
762,Ciro,Pellington,cpellingtonl5@discuz.net,Male,7/20/1991
763,Kassandra,Vasquez,kvasquezl6@blog.com,Polygender,11/4/2016
764,Gloriane,McGilleghole,gmcgillegholel7@gmpg.org,Female,12/5/2002
765,Arluene,Griggs,agriggsl8@smh.com.au,Female,12/12/1955
766,Pavlov,Riep,priepl9@latimes.com,Male,9/20/2012
767,Tremayne,Totterdill,ttotterdillla@spotify.com,Male,10/24/1982
768,Rosa,Cutcliffe,rcutcliffelb@dell.com,Female,4/10/2019
769,Felicia,Greenstreet,fgreenstreetlc@live.com,Female,12/4/1976
770,Uri,Boman,ubomanld@dyndns.org,Male,5/3/1973
771,Gina,McQuirter,gmcquirterle@exblog.jp,Female,1/23/1976
772,Albie,Wearn,awearnlf@google.com.br,Male,8/30/2020
773,Jareb,Strangeways,jstrangewayslg@php.net,Male,12/27/1983
774,Halette,Danels,hdanelslh@163.com,Female,3/25/1968
775,Ellis,Robertucci,erobertuccili@123-reg.co.uk,Genderqueer,10/18/2003
776,Corrine,Harker,charkerlj@de.vu,Female,10/8/1984
777,Pandora,Hastings,phastingslk@dailymail.co.uk,Female,6/4/1994
778,Pammie,Ramsby,pramsbyll@wufoo.com,Female,2/13/1963
779,Alverta,Grishukhin,agrishukhinlm@sun.com,Polygender,7/30/1970
780,Hanni,Evason,hevasonln@tinypic.com,Female,1/9/2013
781,Keith,Whettleton,kwhettletonlo@linkedin.com,Male,7/16/1975
782,Moss,Vlahos,mvlahoslp@blogtalkradio.com,Male,4/28/1978
783,Ivan,Ackery,iackerylq@quantcast.com,Male,4/12/1993
784,Margaretha,Aaronsohn,maaronsohnlr@pen.io,Female,5/27/1974
785,Boy,Grouse,bgrousels@senate.gov,Male,8/12/2016
786,Benedict,Euler,beulerlt@1und1.de,Male,9/11/1969
787,Chaim,Saterthwait,csaterthwaitlu@furl.net,Male,12/24/1980
788,Gage,Large,glargelv@myspace.com,Male,5/11/1964
789,Ibbie,Middle,imiddlelw@salon.com,Female,1/21/1999
790,Tedra,Bellanger,tbellangerlx@businessweek.com,Female,12/23/1956
791,Herta,Bearcock,hbearcockly@netlog.com,Female,9/1/2012
792,Glynn,Aslott,gaslottlz@canalblog.com,Agender,3/31/1971
793,Esdras,Buckland,ebucklandm0@jiathis.com,Non-binary,11/16/1991
794,Kimberli,Elvins,kelvinsm1@alexa.com,Polygender,5/12/1997
795,Charlie,Brudenell,cbrudenellm2@nifty.com,Male,12/16/2004
796,Perren,Basten,pbastenm3@weather.com,Male,11/20/1996
797,Koralle,Gunthorp,kgunthorpm4@hatena.ne.jp,Female,2/8/1988
798,Fin,Bosnell,fbosnellm5@hc360.com,Genderfluid,6/22/1995
799,Cass,Matushenko,cmatushenkom6@mac.com,Genderqueer,4/2/2004
800,Morissa,Matejovsky,mmatejovskym7@discuz.net,Female,3/29/1961
801,Lauralee,Bailes,lbailesm8@elpais.com,Female,4/20/1965
802,Corey,Atkyns,catkynsm9@shareasale.com,Female,10/31/1952
803,Magnum,Halston,mhalstonma@google.co.jp,Male,9/17/1993
804,Gusti,Cockland,gcocklandmb@desdev.cn,Female,12/9/1983
805,Melantha,Budden,mbuddenmc@squidoo.com,Genderqueer,12/4/1983
806,Zacharia,Hazelgreave,zhazelgreavemd@people.com.cn,Male,8/3/1969
807,Purcell,Loach,ploachme@fotki.com,Male,8/1/2020
808,Brenn,Tough,btoughmf@gnu.org,Female,11/16/1989
809,Debora,Yegorovnin,dyegorovninmg@apache.org,Female,4/18/1974
810,Gabriele,Cratere,gcrateremh@yelp.com,Male,9/22/1969
811,Peadar,Mirfield,pmirfieldmi@washington.edu,Male,1/13/2004
812,Marcellina,Gabala,mgabalamj@odnoklassniki.ru,Female,12/24/1984
813,Angel,Hastin,ahastinmk@cnbc.com,Genderqueer,2/1/1965
814,Filippo,Olligan,folliganml@a8.net,Male,5/17/1959
815,Kipper,Fluit,kfluitmm@php.net,Male,1/15/1984
816,Linette,McCarle,lmccarlemn@sbwire.com,Female,11/13/1977
817,Idell,Tropman,itropmanmo@ed.gov,Female,6/27/1954
818,Bobine,Lenard,blenardmp@discuz.net,Female,3/23/2003
819,Jolyn,Chaudhry,jchaudhrymq@liveinternet.ru,Female,7/26/2000
820,Gratiana,Calverley,gcalverleymr@miitbeian.gov.cn,Female,2/16/1957
821,Enoch,Snook,esnookms@gravatar.com,Genderqueer,10/31/1961
822,Kristo,Grigg,kgriggmt@comsenz.com,Male,3/6/1975
823,Lock,Hazeup,lhazeupmu@lycos.com,Male,3/13/1968
824,Gerard,MacLaughlin,gmaclaughlinmv@hatena.ne.jp,Male,4/3/1954
825,Alic,West,awestmw@networksolutions.com,Male,6/2/1975
826,Chrystal,Chell,cchellmx@moonfruit.com,Female,8/28/1981
827,Adair,Caveney,acaveneymy@wired.com,Male,10/7/2002
828,Ettie,Lowmass,elowmassmz@chicagotribune.com,Non-binary,5/1/1969
829,Verne,Winterborne,vwinterbornen0@usgs.gov,Male,10/4/2018
830,Alano,McPhilemy,amcphilemyn1@google.com,Male,5/11/2013
831,Nananne,Hamblett,nhamblettn2@guardian.co.uk,Bigender,7/28/1977
832,Lilias,Canero,lcaneron3@gov.uk,Female,6/30/2018
833,Shannon,McGinn,smcginnn4@prweb.com,Male,8/17/1996
834,Cord,Rentenbeck,crentenbeckn5@forbes.com,Male,8/12/2013
835,Rafi,Raiston,rraistonn6@moonfruit.com,Male,7/22/1988
836,Casandra,Dykes,cdykesn7@friendfeed.com,Female,5/22/1961
837,Guillermo,Melly,gmellyn8@instagram.com,Male,5/4/1995
838,Fionna,Ducham,fduchamn9@ft.com,Bigender,11/11/1990
839,Katharina,Coalburn,kcoalburnna@illinois.edu,Female,12/11/2016
840,Corby,Cronk,ccronknb@homestead.com,Male,9/26/1957
841,Conchita,Alcide,calcidenc@ebay.com,Female,11/22/1997
842,Sergio,Sonier,ssoniernd@over-blog.com,Male,3/28/2021
843,Reginald,Vasiliev,rvasilievne@usda.gov,Male,5/22/1984
844,Henderson,Meeke,hmeekenf@ifeng.com,Male,10/10/1999
845,Iosep,MacKaig,imackaigng@cmu.edu,Male,12/5/1988
846,Hamel,Dislee,hdisleenh@1und1.de,Male,9/16/1990
847,Horatius,Edgington,hedgingtonni@amazon.de,Male,4/30/1978
848,Rocky,Granleese,rgranleesenj@creativecommons.org,Male,12/26/1981
849,Louie,Ick,licknk@auda.org.au,Male,2/28/1971
850,Ashbey,Holdey,aholdeynl@booking.com,Male,9/27/2017
851,Wesley,Weafer,wweafernm@google.cn,Male,1/14/1992
852,Dareen,Bispham,dbisphamnn@webnode.com,Female,5/3/2019
853,Conni,Rubroe,crubroeno@discovery.com,Female,3/10/1981
854,Alyosha,Josipovic,ajosipovicnp@nifty.com,Male,11/24/1989
855,Dugald,Miquelet,dmiqueletnq@go.com,Male,10/16/2015
856,Mohandas,Peppard,mpeppardnr@blogger.com,Polygender,6/7/2015
857,Clim,Saffran,csaffranns@usda.gov,Male,7/11/1976
858,Winifield,Deware,wdewarent@bigcartel.com,Male,1/19/1974
859,Robinetta,Oakton,roaktonnu@alexa.com,Female,10/9/1963
860,Braden,Frere,bfrerenv@dedecms.com,Male,5/24/1995
861,Sutherland,Dickerline,sdickerlinenw@google.co.jp,Male,5/23/1954
862,Ernesto,Kiossel,ekiosselnx@china.com.cn,Male,3/29/1983
863,Gloriana,Seneschal,gseneschalny@bandcamp.com,Female,12/17/2017
864,Jorgan,Bestwall,jbestwallnz@auda.org.au,Non-binary,12/29/1998
865,Modesta,Ryburn,mryburno0@is.gd,Female,8/5/1974
866,Marven,Han,mhano1@shop-pro.jp,Male,9/22/1990
867,Joanie,Waterson,jwatersono2@nba.com,Female,10/13/1969
868,Westley,Wilshire,wwilshireo3@tiny.cc,Male,9/22/1998
869,Alric,Tocher,atochero4@patch.com,Male,11/21/1999
870,Kalindi,Stammler,kstammlero5@shinystat.com,Female,8/20/1999
871,Billy,Guerra,bguerrao6@umich.edu,Female,5/24/1999
872,Karleen,Morriarty,kmorriartyo7@un.org,Female,5/11/1996
873,Eada,Cogger,ecoggero8@ihg.com,Genderqueer,12/9/1993
874,Lane,Kirgan,lkirgano9@friendfeed.com,Male,2/1/1979
875,Kyla,Joll,kjolloa@nyu.edu,Female,11/8/2011
876,Elyssa,Lanktree,elanktreeob@bbb.org,Female,7/8/2006
877,Ryun,Habert,rhabertoc@phpbb.com,Male,12/5/2014
878,Paulette,Jefferd,pjefferdod@histats.com,Female,1/29/1958
879,Regine,Havelin,rhavelinoe@cargocollective.com,Female,10/2/1993
880,Kipp,Claire,kclaireof@loc.gov,Male,8/7/1986
881,Leonhard,Ffrench,lffrenchog@princeton.edu,Male,8/13/1973
882,Modestine,Godball,mgodballoh@unesco.org,Female,12/18/2017
883,Galina,MacDirmid,gmacdirmidoi@paginegialle.it,Female,10/22/1984
884,Valentino,Orknay,vorknayoj@booking.com,Male,7/21/1970
885,Sophi,Broadey,sbroadeyok@wikia.com,Female,8/7/1994
886,Sibylle,Drance,sdranceol@intel.com,Female,10/19/1978
887,Cynthie,Baytrop,cbaytropom@t-online.de,Female,10/24/1969
888,Meta,Cracoe,mcracoeon@nifty.com,Female,10/12/1988
889,Angie,Merrell,amerrelloo@fastcompany.com,Male,12/19/1993
890,Barn,Peggrem,bpeggremop@uol.com.br,Male,10/3/1955
891,Erek,Bilby,ebilbyoq@360.cn,Male,7/31/1971
892,Candice,Eliff,celiffor@rediff.com,Female,8/3/1973
893,Daphna,Pavelin,dpavelinos@furl.net,Female,8/1/1964
894,Cassondra,Jerdon,cjerdonot@techcrunch.com,Bigender,2/26/1967
895,Belinda,Felmingham,bfelminghamou@skype.com,Female,4/29/1956
896,Wylma,Gravey,wgraveyov@multiply.com,Female,8/8/1982
897,Susann,Folshom,sfolshomow@woothemes.com,Female,6/19/2007
898,Gerladina,Gannon,ggannonox@yellowpages.com,Female,12/2/1973
899,Chelsy,Adriani,cadrianioy@theguardian.com,Female,7/9/1976
900,Ambrosius,Pantin,apantinoz@apple.com,Male,4/16/2018
901,Judi,Penke,jpenkep0@youku.com,Female,12/18/1983
902,Walden,Bereford,wberefordp1@nbcnews.com,Male,12/13/2003
903,Harris,Chidwick,hchidwickp2@theatlantic.com,Male,5/6/1989
904,Emelda,Bower,ebowerp3@canalblog.com,Agender,10/22/1970
905,Lianne,Margetson,lmargetsonp4@upenn.edu,Female,6/9/1969
906,Ingaberg,Goligher,igoligherp5@hostgator.com,Female,7/3/1958
907,Wilfrid,Bolle,wbollep6@photobucket.com,Male,7/14/1966
908,Leonie,Brookshaw,lbrookshawp7@goo.ne.jp,Female,12/18/1974
909,Elroy,Sibborn,esibbornp8@opera.com,Male,10/30/1969
910,Gregor,Kalinowsky,gkalinowskyp9@symantec.com,Male,1/31/2014
911,Guy,Hiseman,ghisemanpa@ebay.co.uk,Non-binary,2/16/1951
912,Yard,Bielfelt,ybielfeltpb@techcrunch.com,Genderfluid,11/25/1998
913,Tomaso,Clayill,tclayillpc@woothemes.com,Male,9/7/2001
914,Fernando,Arro,farropd@1und1.de,Non-binary,9/23/1991
915,Raymund,Mansour,rmansourpe@examiner.com,Male,2/20/2008
916,Willis,Carayol,wcarayolpf@about.me,Male,1/17/1960
917,Cynde,Gerhardt,cgerhardtpg@jigsy.com,Non-binary,10/2/1990
918,Goober,Valencia,gvalenciaph@washingtonpost.com,Male,8/24/1953
919,Victor,Stuttard,vstuttardpi@tinypic.com,Male,1/13/1961
920,Kare,Nolton,knoltonpj@hubpages.com,Female,6/13/1990
921,Paddie,Filochov,pfilochovpk@china.com.cn,Male,4/15/1978
922,Romeo,Durrans,rdurranspl@booking.com,Male,10/12/2006
923,Avrom,Corradini,acorradinipm@opera.com,Male,11/16/2006
924,Cullan,Habin,chabinpn@hexun.com,Male,12/28/2016
925,Wang,Goane,wgoanepo@house.gov,Male,6/8/2006
926,Alexia,Blaney,ablaneypp@mediafire.com,Female,1/20/1953
927,Lisle,Capp,lcapppq@google.com.hk,Male,1/25/2000
928,Dicky,Hellikes,dhellikespr@independent.co.uk,Male,11/24/1955
929,Kimble,Stachini,kstachinips@cafepress.com,Bigender,3/14/1961
930,Javier,Edscer,jedscerpt@virginia.edu,Male,3/24/1991
931,Dewey,Caze,dcazepu@edublogs.org,Male,5/27/1987
932,Onofredo,Bullene,obullenepv@kickstarter.com,Male,3/1/1965
933,Ethelred,Kliesl,eklieslpw@dailymail.co.uk,Male,12/2/1990
934,Myrta,Lloyd,mlloydpx@geocities.jp,Female,8/31/1988
935,Karry,Wilcot,kwilcotpy@biglobe.ne.jp,Female,4/12/2009
936,Shannen,Marzelo,smarzelopz@tinypic.com,Female,12/25/1953
937,Dari,Divall,ddivallq0@surveymonkey.com,Female,4/30/1974
938,Sorcha,Heild,sheildq1@oracle.com,Female,8/4/1988
939,Mirabelle,Morpeth,mmorpethq2@nhs.uk,Female,11/8/1971
940,Reid,Bog,rbogq3@china.com.cn,Genderqueer,4/21/1958
941,Devlin,Tither,dtitherq4@dedecms.com,Polygender,4/20/2019
942,Linnea,Hymers,lhymersq5@home.pl,Female,7/13/1969
943,Leo,Coldbathe,lcoldbatheq6@histats.com,Male,7/30/1981
944,Bentlee,Bortol,bbortolq7@mit.edu,Male,6/27/1991
945,Tades,Parlatt,tparlattq8@histats.com,Male,11/12/2007
946,Chicky,Sprake,csprakeq9@eventbrite.com,Male,6/6/1978
947,Alley,Hutson,ahutsonqa@sogou.com,Male,8/24/1989
948,Deane,Giordano,dgiordanoqb@spiegel.de,Female,6/23/2008
949,Ashbey,Frisdick,afrisdickqc@archive.org,Male,11/5/1953
950,Thane,Spon,tsponqd@hp.com,Male,3/16/1980
951,Laurice,Bradnum,lbradnumqe@senate.gov,Female,12/6/2021
952,Marie-ann,Gellier,mgellierqf@wordpress.org,Female,8/22/2003
953,Fax,Worsham,fworshamqg@wsj.com,Male,7/25/1998
954,Marcy,Jillins,mjillinsqh@noaa.gov,Female,5/28/2010
955,Cass,Norvill,cnorvillqi@yale.edu,Genderqueer,6/21/1997
956,Savina,Pollington,spollingtonqj@clickbank.net,Agender,2/21/1974
957,See,Edgley,sedgleyqk@mapy.cz,Polygender,7/8/1989
958,Janella,Jarrad,jjarradql@cisco.com,Genderfluid,3/11/1963
959,Patsy,Darville,pdarvilleqm@xinhuanet.com,Male,10/21/2009
960,Brinna,Huie,bhuieqn@omniture.com,Female,8/8/1961
961,Joshuah,Ritmeier,jritmeierqo@boston.com,Male,12/28/2013
962,Hussein,Smallman,hsmallmanqp@businessinsider.com,Male,12/17/2014
963,Maude,Mumberson,mmumbersonqq@zimbio.com,Female,6/9/1958
964,Kacy,Blaxland,kblaxlandqr@storify.com,Female,9/16/2014
965,Loria,Bussons,lbussonsqs@comsenz.com,Female,4/3/2010
966,Staford,Mutter,smutterqt@xing.com,Non-binary,5/25/1958
967,Mireielle,Millea,mmilleaqu@goo.gl,Female,10/28/2006
968,Jessi,Danher,jdanherqv@fotki.com,Female,9/22/1974
969,Willette,Geertz,wgeertzqw@indiatimes.com,Female,9/3/1991
970,Kalila,Pickerell,kpickerellqx@ask.com,Female,4/1/1979
971,Trumann,Janczewski,tjanczewskiqy@amazon.co.uk,Male,12/8/1976
972,Wilbur,Paulucci,wpaulucciqz@last.fm,Male,3/8/2016
973,Cecilla,Trinbey,ctrinbeyr0@weibo.com,Female,10/25/2010
974,Noelyn,Able,nabler1@ask.com,Female,11/5/1995
975,Linea,Willimont,lwillimontr2@businesswire.com,Female,11/4/1973
976,Bernadene,Dillamore,bdillamorer3@timesonline.co.uk,Polygender,5/18/1974
977,Gilli,Nisius,gnisiusr4@cmu.edu,Female,8/6/1958
978,Pincas,Coppins,pcoppinsr5@twitpic.com,Polygender,4/25/1977
979,Lannie,Schroder,lschroderr6@studiopress.com,Male,4/23/1973
980,Caleb,Wenban,cwenbanr7@google.co.jp,Male,12/9/1968
981,Vivian,Lesslie,vlesslier8@archive.org,Agender,3/11/1953
982,Leanora,Gerriets,lgerrietsr9@webs.com,Female,4/11/1969
983,Gael,Cabena,gcabenara@accuweather.com,Male,10/14/1983
984,Isac,Kopje,ikopjerb@weebly.com,Male,1/29/1959
985,Krishnah,Dobrowolny,kdobrowolnyrc@soundcloud.com,Male,6/1/1986
986,Libbi,Duley,lduleyrd@list-manage.com,Female,11/29/1951
987,Ava,Cotillard,acotillardre@wikia.com,Female,1/20/1978
988,Hastie,McClary,hmcclaryrf@friendfeed.com,Male,1/3/1982
989,Barr,Botcherby,bbotcherbyrg@toplist.cz,Male,1/1/2013
990,Carlo,Eich,ceichrh@webnode.com,Male,10/21/2001
991,Odessa,Eisold,oeisoldri@tiny.cc,Female,8/23/1954
992,Daffi,Bowra,dbowrarj@java.com,Female,6/12/1963
993,Alexio,O'Lunney,aolunneyrk@google.de,Male,5/19/1980
994,Gustav,Melloy,gmelloyrl@fotki.com,Male,12/29/1975
995,Anthony,Bigham,abighamrm@etsy.com,Male,1/21/2001
996,Mollee,Thorogood,mthorogoodrn@canalblog.com,Female,12/25/1968
997,Izzy,Hallgath,ihallgathro@icq.com,Male,2/9/1999
998,Ephraim,Surgenor,esurgenorrp@cam.ac.uk,Male,6/14/2007
999,Cam,Nobles,cnoblesrq@google.nl,Male,4/5/1965
1000,Barr,Lumsdon,blumsdonrr@omniture.com,Male,10/26/1983
